condition,model,test_subject,auc,precision,recall,f1
raw,LogisticRegression,S2,0.9429932169144177,0.9148936170212766,0.34959349593495936,0.5058823529411764
raw,RandomForest,S2,0.9733487275701159,1.0,0.5121951219512195,0.6774193548387096
raw,XGBoost,S2,0.9734930485399529,1.0,0.4715447154471545,0.6408839779005525
raw,LogisticRegression,S3,0.9150390625,0.7894736842105263,0.8203125,0.8045977011494253
raw,RandomForest,S3,0.8566778273809523,0.6176470588235294,0.984375,0.7590361445783133
raw,XGBoost,S3,0.6390438988095238,0.5240384615384616,0.8515625,0.6488095238095238
raw,LogisticRegression,S4,0.9917597509613624,1.0,0.7716535433070866,0.8711111111111111
raw,RandomForest,S4,0.9842061893426113,1.0,0.952755905511811,0.9758064516129032
raw,XGBoost,S4,0.9085332356711225,0.8952380952380953,0.7401574803149606,0.8103448275862069
raw,LogisticRegression,S5,0.9899961023775498,0.9453125,0.937984496124031,0.9416342412451362
raw,RandomForest,S5,0.948897838984886,1.0,0.7829457364341085,0.8782608695652174
raw,XGBoost,S5,0.9113507427136113,1.0,0.5348837209302325,0.696969696969697
raw,LogisticRegression,S6,0.9963286713286713,0.9834710743801653,0.9153846153846154,0.9482071713147411
raw,RandomForest,S6,0.9843094405594406,0.9142857142857143,0.9846153846153847,0.9481481481481482
raw,XGBoost,S6,0.9942307692307691,0.9154929577464789,1.0,0.9558823529411765
raw,LogisticRegression,S7,0.9734728107344633,0.7341040462427746,0.9921875,0.8438538205980066
raw,RandomForest,S7,0.9495939265536724,0.8355263157894737,0.9921875,0.9071428571428571
raw,XGBoost,S7,0.860743290960452,0.7209302325581395,0.7265625,0.7237354085603113
raw,LogisticRegression,S8,0.923614685194716,0.925,0.27611940298507465,0.42528735632183906
raw,RandomForest,S8,0.9981128838565791,1.0,0.7164179104477612,0.8347826086956521
raw,XGBoost,S8,0.9954537656544863,1.0,0.7761194029850746,0.8739495798319328
raw,LogisticRegression,S9,0.8757047216349542,0.9705882352941176,0.2558139534883721,0.4049079754601227
raw,RandomForest,S9,1.0,1.0,0.6589147286821705,0.794392523364486
raw,XGBoost,S9,0.9997797744890768,1.0,0.5891472868217055,0.7414634146341463
raw,LogisticRegression,S10,0.9023119122257054,0.8928571428571429,0.5172413793103449,0.6550218340611353
raw,RandomForest,S10,0.9962774294670846,1.0,0.8896551724137931,0.9416058394160584
raw,XGBoost,S10,0.9460423197492163,1.0,0.5862068965517241,0.7391304347826086
raw,LogisticRegression,S11,0.9810745320855615,0.9347826086956522,0.9485294117647058,0.9416058394160584
raw,RandomForest,S11,0.9985795454545455,0.9852941176470589,0.9852941176470589,0.9852941176470589
raw,XGBoost,S11,0.8881183155080213,0.9306930693069307,0.6911764705882353,0.7932489451476793
raw,LogisticRegression,S13,0.9955143540669856,0.7777777777777778,1.0,0.875
raw,RandomForest,S13,0.9986756664388243,1.0,0.7443609022556391,0.853448275862069
raw,XGBoost,S13,0.9985902255639098,1.0,0.7443609022556391,0.853448275862069
raw,LogisticRegression,S14,0.9728956228956229,0.9642857142857143,0.4,0.5654450261780105
raw,RandomForest,S14,0.6327441077441078,1.0,0.1925925925925926,0.32298136645962733
raw,XGBoost,S14,0.44221380471380467,1.0,0.022222222222222223,0.043478260869565216
raw,LogisticRegression,S15,0.6397497393117831,0.47388059701492535,0.927007299270073,0.6271604938271605
raw,RandomForest,S15,0.9799791449426486,0.9369369369369369,0.7591240875912408,0.8387096774193549
raw,XGBoost,S15,0.9832742440041711,0.9590163934426229,0.8540145985401459,0.9034749034749034
raw,LogisticRegression,S16,0.9682411804613298,0.6963350785340314,0.9925373134328358,0.8184615384615385
raw,RandomForest,S16,1.0,1.0,0.9850746268656716,0.9924812030075187
raw,XGBoost,S16,1.0,1.0,0.5970149253731343,0.7476635514018691
raw,LogisticRegression,S17,0.965166569257744,0.9433962264150944,0.6896551724137931,0.796812749003984
raw,RandomForest,S17,0.9502824858757063,0.8304093567251462,0.9793103448275862,0.8987341772151899
raw,XGBoost,S17,0.9147477108903176,0.7777777777777778,0.9655172413793104,0.8615384615384616
30s,LogisticRegression,S2,0.9978832924423919,0.991304347826087,0.926829268292683,0.957983193277311
30s,RandomForest,S2,0.9959109058546207,0.9919354838709677,1.0,0.9959514170040485
30s,XGBoost,S2,0.9957184778948381,0.9919354838709677,1.0,0.9959514170040485
30s,LogisticRegression,S3,0.9836774553571428,0.0,0.0,0.0
30s,RandomForest,S3,0.9586123511904762,1.0,0.4921875,0.6596858638743456
30s,XGBoost,S3,0.9958147321428571,1.0,0.4921875,0.6596858638743456
30s,LogisticRegression,S4,1.0,1.0,1.0,1.0
30s,RandomForest,S4,1.0,1.0,1.0,1.0
30s,XGBoost,S4,1.0,1.0,1.0,1.0
30s,LogisticRegression,S5,1.0,1.0,1.0,1.0
30s,RandomForest,S5,1.0,1.0,0.9689922480620154,0.984251968503937
30s,XGBoost,S5,1.0,1.0,0.9612403100775194,0.9802371541501976
30s,LogisticRegression,S6,1.0,1.0,0.06923076923076923,0.12949640287769784
30s,RandomForest,S6,1.0,1.0,1.0,1.0
30s,XGBoost,S6,0.9999999999999999,1.0,1.0,1.0
30s,LogisticRegression,S7,1.0,1.0,0.8359375,0.9106382978723404
30s,RandomForest,S7,0.97949770480226,1.0,0.3046875,0.46706586826347307
30s,XGBoost,S7,0.981638418079096,1.0,0.3359375,0.5029239766081871
30s,LogisticRegression,S8,0.9999571109967403,0.9370629370629371,1.0,0.9675090252707581
30s,RandomForest,S8,1.0,1.0,1.0,1.0
30s,XGBoost,S8,1.0,1.0,1.0,1.0
30s,LogisticRegression,S9,1.0,0.9923076923076923,1.0,0.9961389961389961
30s,RandomForest,S9,1.0,0.821656050955414,1.0,0.9020979020979021
30s,XGBoost,S9,1.0,0.9626865671641791,1.0,0.9809885931558935
30s,LogisticRegression,S10,1.0,0.8895705521472392,1.0,0.9415584415584416
30s,RandomForest,S10,1.0,1.0,1.0,1.0
30s,XGBoost,S10,1.0,1.0,1.0,1.0
30s,LogisticRegression,S11,0.9998746657754011,1.0,0.8529411764705882,0.9206349206349206
30s,RandomForest,S11,0.9999999999999999,1.0,0.9705882352941176,0.9850746268656716
30s,XGBoost,S11,1.0,1.0,1.0,1.0
30s,LogisticRegression,S13,1.0,0.9568345323741008,1.0,0.9779411764705882
30s,RandomForest,S13,1.0,1.0,1.0,1.0
30s,XGBoost,S13,1.0,0.9925373134328358,1.0,0.9962546816479401
30s,LogisticRegression,S14,0.45374579124579123,1.0,0.022222222222222223,0.043478260869565216
30s,RandomForest,S14,0.998442760942761,1.0,0.1259259259259259,0.2236842105263158
30s,XGBoost,S14,0.9925925925925926,1.0,0.06666666666666667,0.125
30s,LogisticRegression,S15,1.0,0.6035242290748899,1.0,0.7527472527472527
30s,RandomForest,S15,0.9284045881126173,0.46757679180887374,1.0,0.6372093023255814
30s,XGBoost,S15,0.8025026068821689,0.4612794612794613,1.0,0.631336405529954
30s,LogisticRegression,S16,1.0,0.9925925925925926,1.0,0.9962825278810409
30s,RandomForest,S16,1.0,0.9710144927536232,1.0,0.9852941176470589
30s,XGBoost,S16,0.9999999999999999,0.9710144927536232,1.0,0.9852941176470589
30s,LogisticRegression,S17,0.9998441457237482,1.0,0.8137931034482758,0.8973384030418251
30s,RandomForest,S17,1.0,0.9931506849315068,1.0,0.9965635738831615
30s,XGBoost,S17,1.0,0.9931506849315068,1.0,0.9965635738831615
2min,LogisticRegression,S2,1.0,0.984,1.0,0.9919354838709677
2min,RandomForest,S2,1.0,0.9919354838709677,1.0,0.9959514170040485
2min,XGBoost,S2,0.9949968730456535,0.9916666666666667,0.967479674796748,0.9794238683127572
2min,LogisticRegression,S3,0.990420386904762,1.0,0.140625,0.2465753424657534
2min,RandomForest,S3,0.9363374255952381,1.0,0.5234375,0.6871794871794872
2min,XGBoost,S3,0.9629836309523809,1.0,0.4453125,0.6162162162162163
2min,LogisticRegression,S4,1.0,1.0,1.0,1.0
2min,RandomForest,S4,0.9999999999999999,1.0,1.0,1.0
2min,XGBoost,S4,1.0,1.0,1.0,1.0
2min,LogisticRegression,S5,1.0,1.0,0.9922480620155039,0.9961089494163424
2min,RandomForest,S5,1.0,1.0,1.0,1.0
2min,XGBoost,S5,1.0,1.0,1.0,1.0
2min,LogisticRegression,S6,1.0,1.0,0.7384615384615385,0.8495575221238938
2min,RandomForest,S6,0.9999999999999999,1.0,1.0,1.0
2min,XGBoost,S6,1.0,1.0,1.0,1.0
2min,LogisticRegression,S7,1.0,1.0,0.8671875,0.9288702928870293
2min,RandomForest,S7,0.9580905720338984,1.0,0.3515625,0.5202312138728323
2min,XGBoost,S7,0.9553319209039548,1.0,0.4140625,0.585635359116022
2min,LogisticRegression,S8,0.9997426659804426,0.9054054054054054,1.0,0.950354609929078
2min,RandomForest,S8,1.0,1.0,1.0,1.0
2min,XGBoost,S8,1.0,1.0,1.0,1.0
2min,LogisticRegression,S9,1.0,1.0,1.0,1.0
2min,RandomForest,S9,1.0,0.9923076923076923,1.0,0.9961389961389961
2min,XGBoost,S9,1.0,0.9923076923076923,1.0,0.9961389961389961
2min,LogisticRegression,S10,1.0,1.0,1.0,1.0
2min,RandomForest,S10,0.9999999999999999,1.0,1.0,1.0
2min,XGBoost,S10,0.9999999999999999,1.0,1.0,1.0
2min,LogisticRegression,S11,0.9991644385026738,1.0,0.9485294117647058,0.9735849056603774
2min,RandomForest,S11,1.0,1.0,1.0,1.0
2min,XGBoost,S11,0.9990808823529411,0.9920634920634921,0.9191176470588235,0.9541984732824428
2min,LogisticRegression,S13,1.0,1.0,1.0,1.0
2min,RandomForest,S13,1.0,1.0,1.0,1.0
2min,XGBoost,S13,1.0,0.7687861271676301,1.0,0.869281045751634
2min,LogisticRegression,S14,0.6688973063973064,0.9047619047619048,0.2814814814814815,0.4293785310734463
2min,RandomForest,S14,0.9748106060606061,0.7440476190476191,0.9259259259259259,0.8250825082508251
2min,XGBoost,S14,0.9743897306397307,0.7409638554216867,0.9111111111111111,0.8172757475083057
2min,LogisticRegression,S15,1.0,0.9194630872483222,1.0,0.958041958041958
2min,RandomForest,S15,0.9996663190823774,0.8509316770186336,1.0,0.9194630872483222
2min,XGBoost,S15,0.9995828988529718,0.8896103896103896,1.0,0.9415807560137457
2min,LogisticRegression,S16,1.0,1.0,1.0,1.0
2min,RandomForest,S16,1.0,1.0,1.0,1.0
2min,XGBoost,S16,0.9999999999999999,0.9925925925925926,1.0,0.9962825278810409
2min,LogisticRegression,S17,0.9986362750827976,0.9790209790209791,0.9655172413793104,0.9722222222222222
2min,RandomForest,S17,0.9623222287161504,0.8430232558139535,1.0,0.9148264984227129
2min,XGBoost,S17,0.9535164621079291,0.8333333333333334,1.0,0.9090909090909091
5min,LogisticRegression,S2,1.0,0.984,1.0,0.9919354838709677
5min,RandomForest,S2,0.9989897532111416,0.924812030075188,1.0,0.9609375
5min,XGBoost,S2,0.990138067061144,0.8601398601398601,1.0,0.924812030075188
5min,LogisticRegression,S3,0.9827008928571428,1.0,0.1953125,0.32679738562091504
5min,RandomForest,S3,0.9468936011904763,1.0,0.421875,0.5934065934065934
5min,XGBoost,S3,0.9859328497023809,1.0,0.4296875,0.6010928961748634
5min,LogisticRegression,S4,1.0,1.0,1.0,1.0
5min,RandomForest,S4,1.0,1.0,1.0,1.0
5min,XGBoost,S4,1.0,1.0,1.0,1.0
5min,LogisticRegression,S5,1.0,1.0,1.0,1.0
5min,RandomForest,S5,1.0,1.0,1.0,1.0
5min,XGBoost,S5,1.0,1.0,1.0,1.0
5min,LogisticRegression,S6,0.9993881118881118,1.0,0.8769230769230769,0.9344262295081968
5min,RandomForest,S6,1.0,1.0,1.0,1.0
5min,XGBoost,S6,1.0,1.0,1.0,1.0
5min,LogisticRegression,S7,0.9868026129943503,0.9421487603305785,0.890625,0.9156626506024096
5min,RandomForest,S7,0.963718220338983,1.0,0.234375,0.379746835443038
5min,XGBoost,S7,0.9992055084745763,1.0,0.234375,0.379746835443038
5min,LogisticRegression,S8,0.9955824326642649,0.8535031847133758,1.0,0.9209621993127147
5min,RandomForest,S8,1.0,1.0,1.0,1.0
5min,XGBoost,S8,1.0,1.0,1.0,1.0
5min,LogisticRegression,S9,1.0,0.9923076923076923,1.0,0.9961389961389961
5min,RandomForest,S9,1.0,1.0,1.0,1.0
5min,XGBoost,S9,1.0,1.0,1.0,1.0
5min,LogisticRegression,S10,1.0,1.0,1.0,1.0
5min,RandomForest,S10,1.0,0.9797297297297297,1.0,0.9897610921501706
5min,XGBoost,S10,1.0,0.9797297297297297,1.0,0.9897610921501706
5min,LogisticRegression,S11,0.9989973262032086,1.0,0.9632352941176471,0.9812734082397003
5min,RandomForest,S11,0.9999999999999999,1.0,0.9926470588235294,0.996309963099631
5min,XGBoost,S11,0.9999999999999999,1.0,0.9779411764705882,0.9888475836431226
5min,LogisticRegression,S13,1.0,1.0,0.9774436090225563,0.9885931558935361
5min,RandomForest,S13,1.0,1.0,1.0,1.0
5min,XGBoost,S13,1.0,1.0,1.0,1.0
5min,LogisticRegression,S14,0.23076599326599326,1.0,0.007407407407407408,0.014705882352941176
5min,RandomForest,S14,0.9731691919191918,1.0,0.2740740740740741,0.43023255813953487
5min,XGBoost,S14,0.9632575757575758,1.0,0.6444444444444445,0.7837837837837838
5min,LogisticRegression,S15,1.0,0.9194630872483222,1.0,0.958041958041958
5min,RandomForest,S15,0.9996246089676747,0.8303030303030303,1.0,0.9072847682119205
5min,XGBoost,S15,0.9939937434827946,0.9194630872483222,1.0,0.958041958041958
5min,LogisticRegression,S16,1.0,1.0,1.0,1.0
5min,RandomForest,S16,1.0,0.9852941176470589,1.0,0.9925925925925926
5min,XGBoost,S16,1.0,0.9852941176470589,1.0,0.9925925925925926
5min,LogisticRegression,S17,0.9986752386518606,0.9726027397260274,0.9793103448275862,0.9759450171821306
5min,RandomForest,S17,0.9828170660432496,0.8430232558139535,1.0,0.9148264984227129
5min,XGBoost,S17,0.9431911163062536,0.7923497267759563,1.0,0.8841463414634146
